{
    "5": {
        "α": 0.03,
        "ρ": 0.03,
        "s": 0.03,
        "mβ": 0.5,
        "β2": 0.3333333333333333,
        "Ne": 100.00000000000001,
        "sweep_times": "random",
        "Δt": 10,
        "L": 250,
        "μ": 0,
        "N": 50000,
        "trajectory_file": "trajectory_5.csv",
        "diversity_file": "diversity_5.csv",
        "idx": 5,
        "key": {
            "α": 0.03,
            "ρ": 0.03,
            "mβ": 0.5,
            "β2": 0.3333333333333333,
            "T": 100000,
            "Δt": 10
        }
    },
    "7": {
        "α": 0.09,
        "ρ": 0.0015,
        "s": 0.03,
        "mβ": 0.25,
        "β2": 0.1,
        "Ne": 6666.666666666666,
        "sweep_times": "random",
        "Δt": 10,
        "L": 250,
        "μ": 0,
        "N": 50000,
        "trajectory_file": "trajectory_7.csv",
        "diversity_file": "diversity_7.csv",
        "idx": 7,
        "key": {
            "α": 0.09,
            "ρ": 0.0015,
            "mβ": 0.25,
            "β2": 0.1,
            "T": 166667,
            "Δt": 10
        }
    },
    "12": {
        "α": 0.03,
        "ρ": 0.0015,
        "s": 0.03,
        "mβ": 0.5,
        "β2": 0.3333333333333333,
        "Ne": 2000,
        "sweep_times": "random",
        "Δt": 10,
        "L": 250,
        "μ": 0,
        "N": 50000,
        "trajectory_file": "trajectory_12.csv",
        "diversity_file": "diversity_12.csv",
        "idx": 12,
        "key": {
            "α": 0.03,
            "ρ": 0.0015,
            "mβ": 0.5,
            "β2": 0.3333333333333333,
            "T": 100000,
            "Δt": 10
        }
    },
    "8": {
        "α": 0.03,
        "ρ": 0.006,
        "s": 0.03,
        "mβ": 0.5,
        "β2": 0.3333333333333333,
        "Ne": 500,
        "sweep_times": "random",
        "Δt": 10,
        "L": 250,
        "μ": 0,
        "N": 50000,
        "trajectory_file": "trajectory_8.csv",
        "diversity_file": "diversity_8.csv",
        "idx": 8,
        "key": {
            "α": 0.03,
            "ρ": 0.006,
            "mβ": 0.5,
            "β2": 0.3333333333333333,
            "T": 100000,
            "Δt": 10
        }
    },
    "1": {
        "α": 0,
        "ρ": 0.03,
        "s": 0.03,
        "mβ": 1,
        "β2": 1,
        "Ne": 33.333333333333336,
        "sweep_times": "random",
        "Δt": 10,
        "L": 250,
        "μ": 0,
        "N": 50000,
        "trajectory_file": "trajectory_1.csv",
        "diversity_file": "diversity_1.csv",
        "idx": 1,
        "key": {
            "α": 0,
            "ρ": 0.03,
            "mβ": 1,
            "β2": 1,
            "T": 100000,
            "Δt": 10
        }
    },
    "4": {
        "α": 0,
        "ρ": 0.006,
        "s": 0.03,
        "mβ": 1,
        "β2": 1,
        "Ne": 166.66666666666666,
        "sweep_times": "random",
        "Δt": 10,
        "L": 250,
        "μ": 0,
        "N": 50000,
        "trajectory_file": "trajectory_4.csv",
        "diversity_file": "diversity_4.csv",
        "idx": 4,
        "key": {
            "α": 0,
            "ρ": 0.006,
            "mβ": 1,
            "β2": 1,
            "T": 100000,
            "Δt": 10
        }
    },
    "6": {
        "α": 0.09,
        "ρ": 0.006,
        "s": 0.03,
        "mβ": 0.25,
        "β2": 0.1,
        "Ne": 1666.6666666666665,
        "sweep_times": "random",
        "Δt": 10,
        "L": 250,
        "μ": 0,
        "N": 50000,
        "trajectory_file": "trajectory_6.csv",
        "diversity_file": "diversity_6.csv",
        "idx": 6,
        "key": {
            "α": 0.09,
            "ρ": 0.006,
            "mβ": 0.25,
            "β2": 0.1,
            "T": 100000,
            "Δt": 10
        }
    },
    "2": {
        "α": 0.009999999999999998,
        "ρ": 0.006,
        "s": 0.03,
        "mβ": 0.7500000000000001,
        "β2": 0.642857142857143,
        "Ne": 259.2592592592592,
        "sweep_times": "random",
        "Δt": 10,
        "L": 250,
        "μ": 0,
        "N": 50000,
        "trajectory_file": "trajectory_2.csv",
        "diversity_file": "diversity_2.csv",
        "idx": 2,
        "key": {
            "α": 0.009999999999999998,
            "ρ": 0.006,
            "mβ": 0.7500000000000001,
            "β2": 0.642857142857143,
            "T": 100000,
            "Δt": 10
        }
    },
    "10": {
        "α": 0,
        "ρ": 0.0015,
        "s": 0.03,
        "mβ": 1,
        "β2": 1,
        "Ne": 666.6666666666666,
        "sweep_times": "random",
        "Δt": 10,
        "L": 250,
        "μ": 0,
        "N": 50000,
        "trajectory_file": "trajectory_10.csv",
        "diversity_file": "diversity_10.csv",
        "idx": 10,
        "key": {
            "α": 0,
            "ρ": 0.0015,
            "mβ": 1,
            "β2": 1,
            "T": 100000,
            "Δt": 10
        }
    },
    "11": {
        "α": 0.009999999999999998,
        "ρ": 0.03,
        "s": 0.03,
        "mβ": 0.7500000000000001,
        "β2": 0.642857142857143,
        "Ne": 51.85185185185184,
        "sweep_times": "random",
        "Δt": 10,
        "L": 250,
        "μ": 0,
        "N": 50000,
        "trajectory_file": "trajectory_11.csv",
        "diversity_file": "diversity_11.csv",
        "idx": 11,
        "key": {
            "α": 0.009999999999999998,
            "ρ": 0.03,
            "mβ": 0.7500000000000001,
            "β2": 0.642857142857143,
            "T": 100000,
            "Δt": 10
        }
    },
    "9": {
        "α": 0.009999999999999998,
        "ρ": 0.0015,
        "s": 0.03,
        "mβ": 0.7500000000000001,
        "β2": 0.642857142857143,
        "Ne": 1037.0370370370367,
        "sweep_times": "random",
        "Δt": 10,
        "L": 250,
        "μ": 0,
        "N": 50000,
        "trajectory_file": "trajectory_9.csv",
        "diversity_file": "diversity_9.csv",
        "idx": 9,
        "key": {
            "α": 0.009999999999999998,
            "ρ": 0.0015,
            "mβ": 0.7500000000000001,
            "β2": 0.642857142857143,
            "T": 100000,
            "Δt": 10
        }
    },
    "3": {
        "α": 0.09,
        "ρ": 0.03,
        "s": 0.03,
        "mβ": 0.25,
        "β2": 0.1,
        "Ne": 333.3333333333333,
        "sweep_times": "random",
        "Δt": 10,
        "L": 250,
        "μ": 0,
        "N": 50000,
        "trajectory_file": "trajectory_3.csv",
        "diversity_file": "diversity_3.csv",
        "idx": 3,
        "key": {
            "α": 0.09,
            "ρ": 0.03,
            "mβ": 0.25,
            "β2": 0.1,
            "T": 100000,
            "Δt": 10
        }
    }
}