ρ,s,pfix,f
0.006,0.03,"[0.8083941605839416, 0.845213849287169, 0.8800904977375565, 0.9219858156028369, 0.9421686746987952, 0.9557109557109557, 0.9693654266958425]","[0.2, 0.3, 0.4, 0.5, 0.6, 0.7, 0.8]"
0.0015,0.03,"[0.8926553672316384, 0.9088145896656535, 0.9219745222929936, 0.9395866454689984, 0.9509306260575296, 0.9619651347068146, 0.9723926380368099]","[0.2, 0.3, 0.4, 0.5, 0.6, 0.7, 0.8]"
0.03,0.03,"[0.692063492063492, 0.7490636704119851, 0.799163179916318, 0.8349056603773585, 0.883495145631068, 0.9248826291079812, 0.9553571428571429]","[0.2, 0.3, 0.4, 0.5, 0.6, 0.7, 0.8]"
