{
    "5": {
        "mβ": 0.9,
        "β2": 0.8100081000000001,
        "ρ": 0.003,
        "Ne": 411.51851855967027,
        "sweep_times": "random",
        "α": 0.3,
        "Δt": 2,
        "L_sel": 250,
        "L_neutral": 100,
        "L": 350,
        "μ": 0,
        "μ_neutral": 2.4300243000000006e-5,
        "N": 50000,
        "diversity_file": "diversity_5.csv",
        "idx": 5,
        "key": {
            "mβ": 0.9,
            "β2": 0.8100081000000001,
            "ρ": 0.003,
            "μ_neutral": 2.4300243000000006e-5,
            "T": 41152,
            "Δt": 2
        }
    },
    "16": {
        "mβ": 0.3,
        "β2": 0.09000090000000001,
        "ρ": 0.010000000000000004,
        "Ne": 1111.1000001111095,
        "sweep_times": "random",
        "α": 0.3,
        "Δt": 6,
        "L_sel": 250,
        "L_neutral": 100,
        "L": 350,
        "μ": 0,
        "μ_neutral": 9.000090000000005e-6,
        "N": 50000,
        "diversity_file": "diversity_16.csv",
        "idx": 16,
        "key": {
            "mβ": 0.3,
            "β2": 0.09000090000000001,
            "ρ": 0.010000000000000004,
            "μ_neutral": 9.000090000000005e-6,
            "T": 111110,
            "Δt": 6
        }
    },
    "7": {
        "mβ": 0.6,
        "β2": 0.36000360000000003,
        "ρ": 0.05623413251903493,
        "Ne": 49.39615631729577,
        "sweep_times": "random",
        "α": 0.3,
        "Δt": 1,
        "L_sel": 250,
        "L_neutral": 100,
        "L": 350,
        "μ": 0,
        "μ_neutral": 0.00020244490149729647,
        "N": 50000,
        "diversity_file": "diversity_7.csv",
        "idx": 7,
        "key": {
            "mβ": 0.6,
            "β2": 0.36000360000000003,
            "ρ": 0.05623413251903493,
            "μ_neutral": 0.00020244490149729647,
            "T": 20000,
            "Δt": 1
        }
    },
    "12": {
        "mβ": 0.6,
        "β2": 0.36000360000000003,
        "ρ": 0.010000000000000004,
        "Ne": 277.77500002777737,
        "sweep_times": "random",
        "α": 0.3,
        "Δt": 1,
        "L_sel": 250,
        "L_neutral": 100,
        "L": 350,
        "μ": 0,
        "μ_neutral": 3.600036000000002e-5,
        "N": 50000,
        "diversity_file": "diversity_12.csv",
        "idx": 12,
        "key": {
            "mβ": 0.6,
            "β2": 0.36000360000000003,
            "ρ": 0.010000000000000004,
            "μ_neutral": 3.600036000000002e-5,
            "T": 27778,
            "Δt": 1
        }
    },
    "8": {
        "mβ": 0.6,
        "β2": 0.36000360000000003,
        "ρ": 0.10000000000000002,
        "Ne": 27.777500002777742,
        "sweep_times": "random",
        "α": 0.3,
        "Δt": 1,
        "L_sel": 250,
        "L_neutral": 100,
        "L": 350,
        "μ": 0,
        "μ_neutral": 0.0003600036000000001,
        "N": 50000,
        "diversity_file": "diversity_8.csv",
        "idx": 8,
        "key": {
            "mβ": 0.6,
            "β2": 0.36000360000000003,
            "ρ": 0.10000000000000002,
            "μ_neutral": 0.0003600036000000001,
            "T": 20000,
            "Δt": 1
        }
    },
    "17": {
        "mβ": 0.6,
        "β2": 0.36000360000000003,
        "ρ": 0.01778279410038924,
        "Ne": 156.20436162036953,
        "sweep_times": "random",
        "α": 0.3,
        "Δt": 1,
        "L_sel": 250,
        "L_neutral": 100,
        "L": 350,
        "μ": 0,
        "μ_neutral": 6.401869894198889e-5,
        "N": 50000,
        "diversity_file": "diversity_17.csv",
        "idx": 17,
        "key": {
            "mβ": 0.6,
            "β2": 0.36000360000000003,
            "ρ": 0.01778279410038924,
            "μ_neutral": 6.401869894198889e-5,
            "T": 20000,
            "Δt": 1
        }
    },
    "1": {
        "mβ": 0.3,
        "β2": 0.09000090000000001,
        "ρ": 0.10000000000000002,
        "Ne": 111.11000001111097,
        "sweep_times": "random",
        "α": 0.3,
        "Δt": 1,
        "L_sel": 250,
        "L_neutral": 100,
        "L": 350,
        "μ": 0,
        "μ_neutral": 9.000090000000003e-5,
        "N": 50000,
        "diversity_file": "diversity_1.csv",
        "idx": 1,
        "key": {
            "mβ": 0.3,
            "β2": 0.09000090000000001,
            "ρ": 0.10000000000000002,
            "μ_neutral": 9.000090000000003e-5,
            "T": 20000,
            "Δt": 1
        }
    },
    "4": {
        "mβ": 0.9,
        "β2": 0.8100081000000001,
        "ρ": 0.010000000000000004,
        "Ne": 123.45555556790104,
        "sweep_times": "random",
        "α": 0.3,
        "Δt": 1,
        "L_sel": 250,
        "L_neutral": 100,
        "L": 350,
        "μ": 0,
        "μ_neutral": 8.100081000000005e-5,
        "N": 50000,
        "diversity_file": "diversity_4.csv",
        "idx": 4,
        "key": {
            "mβ": 0.9,
            "β2": 0.8100081000000001,
            "ρ": 0.010000000000000004,
            "μ_neutral": 8.100081000000005e-5,
            "T": 20000,
            "Δt": 1
        }
    },
    "6": {
        "mβ": 0.9,
        "β2": 0.8100081000000001,
        "ρ": 0.10000000000000002,
        "Ne": 12.345555556790107,
        "sweep_times": "random",
        "α": 0.3,
        "Δt": 1,
        "L_sel": 250,
        "L_neutral": 100,
        "L": 350,
        "μ": 0,
        "μ_neutral": 0.0008100081000000003,
        "N": 50000,
        "diversity_file": "diversity_6.csv",
        "idx": 6,
        "key": {
            "mβ": 0.9,
            "β2": 0.8100081000000001,
            "ρ": 0.10000000000000002,
            "μ_neutral": 0.0008100081000000003,
            "T": 20000,
            "Δt": 1
        }
    },
    "13": {
        "mβ": 0.9,
        "β2": 0.8100081000000001,
        "ρ": 0.05623413251903493,
        "Ne": 21.953847252131453,
        "sweep_times": "random",
        "α": 0.3,
        "Δt": 1,
        "L_sel": 250,
        "L_neutral": 100,
        "L": 350,
        "μ": 0,
        "μ_neutral": 0.00045550102836891705,
        "N": 50000,
        "diversity_file": "diversity_13.csv",
        "idx": 13,
        "key": {
            "mβ": 0.9,
            "β2": 0.8100081000000001,
            "ρ": 0.05623413251903493,
            "μ_neutral": 0.00045550102836891705,
            "T": 20000,
            "Δt": 1
        }
    },
    "2": {
        "mβ": 0.3,
        "β2": 0.09000090000000001,
        "ρ": 0.0316227766016838,
        "Ne": 351.3606708564446,
        "sweep_times": "random",
        "α": 0.3,
        "Δt": 2,
        "L_sel": 250,
        "L_neutral": 100,
        "L": 350,
        "μ": 0,
        "μ_neutral": 2.8460783546504838e-5,
        "N": 50000,
        "diversity_file": "diversity_2.csv",
        "idx": 2,
        "key": {
            "mβ": 0.3,
            "β2": 0.09000090000000001,
            "ρ": 0.0316227766016838,
            "μ_neutral": 2.8460783546504838e-5,
            "T": 35136,
            "Δt": 2
        }
    },
    "10": {
        "mβ": 0.6,
        "β2": 0.36000360000000003,
        "ρ": 0.0316227766016838,
        "Ne": 87.84016771411115,
        "sweep_times": "random",
        "α": 0.3,
        "Δt": 1,
        "L_sel": 250,
        "L_neutral": 100,
        "L": 350,
        "μ": 0,
        "μ_neutral": 0.00011384313418601935,
        "N": 50000,
        "diversity_file": "diversity_10.csv",
        "idx": 10,
        "key": {
            "mβ": 0.6,
            "β2": 0.36000360000000003,
            "ρ": 0.0316227766016838,
            "μ_neutral": 0.00011384313418601935,
            "T": 20000,
            "Δt": 1
        }
    },
    "11": {
        "mβ": 0.3,
        "β2": 0.09000090000000001,
        "ρ": 0.05623413251903493,
        "Ne": 197.58462526918308,
        "sweep_times": "random",
        "α": 0.3,
        "Δt": 1,
        "L_sel": 250,
        "L_neutral": 100,
        "L": 350,
        "μ": 0,
        "μ_neutral": 5.0611225374324116e-5,
        "N": 50000,