{
    "5": {
        "mβ": 0.3,
        "β2": 0.15999999999999998,
        "ρ": 0.0316227766016838,
        "Ne": 197.64235376052372,
        "sweep_times": "random",
        "α": 0.3,
        "Δt": 1,
        "L_sel": 250,
        "L_neutral": 100,
        "L": 350,
        "μ": 0,
        "μ_neutral": 5.059644256269407e-5,
        "N": 50000,
        "diversity_file": "diversity_5.csv",
        "idx": 5,
        "key": {
            "mβ": 0.3,
            "β2": 0.15999999999999998,
            "ρ": 0.0316227766016838,
            "μ_neutral": 5.059644256269407e-5,
            "T": 20000,
            "Δt": 1
        }
    },
    "16": {
        "mβ": 0.6,
        "β2": 0.44,
        "ρ": 0.01778279410038924,
        "Ne": 127.80484663417016,
        "sweep_times": "random",
        "α": 0.3,
        "Δt": 1,
        "L_sel": 250,
        "L_neutral": 100,
        "L": 350,
        "μ": 0,
        "μ_neutral": 7.824429404171266e-5,
        "N": 50000,
        "diversity_file": "diversity_16.csv",
        "idx": 16,
        "key": {
            "mβ": 0.6,
            "β2": 0.44,
            "ρ": 0.01778279410038924,
            "μ_neutral": 7.824429404171266e-5,
            "T": 20000,
            "Δt": 1
        }
    },
    "7": {
        "mβ": 0.3,
        "β2": 0.15999999999999998,
        "ρ": 0.010000000000000004,
        "Ne": 624.9999999999998,
        "sweep_times": "random",
        "α": 0.3,
        "Δt": 3,
        "L_sel": 250,
        "L_neutral": 100,
        "L": 350,
        "μ": 0,
        "μ_neutral": 1.6000000000000006e-5,
        "N": 50000,
        "diversity_file": "diversity_7.csv",
        "idx": 7,
        "key": {
            "mβ": 0.3,
            "β2": 0.15999999999999998,
            "ρ": 0.010000000000000004,
            "μ_neutral": 1.6000000000000006e-5,
            "T": 62500,
            "Δt": 3
        }
    },
    "12": {
        "mβ": 0.3,
        "β2": 0.15999999999999998,
        "ρ": 0.003,
        "Ne": 2083.3333333333335,
        "sweep_times": "random",
        "α": 0.3,
        "Δt": 10,
        "L_sel": 250,
        "L_neutral": 100,
        "L": 350,
        "μ": 0,
        "μ_neutral": 4.8e-6,
        "N": 50000,
        "diversity_file": "diversity_12.csv",
        "idx": 12,
        "key": {
            "mβ": 0.3,
            "β2": 0.15999999999999998,
            "ρ": 0.003,
            "μ_neutral": 4.8e-6,
            "T": 208333,
            "Δt": 10
        }
    },
    "8": {
        "mβ": 0.9,
        "β2": 0.8400000000000001,
        "ρ": 0.05623413251903493,
        "Ne": 21.169992976653834,
        "sweep_times": "random",
        "α": 0.3,
        "Δt": 1,
        "L_sel": 250,
        "L_neutral": 100,
        "L": 350,
        "μ": 0,
        "μ_neutral": 0.00047236671315989344,
        "N": 50000,
        "diversity_file": "diversity_8.csv",
        "idx": 8,
        "key": {
            "mβ": 0.9,
            "β2": 0.8400000000000001,
            "ρ": 0.05623413251903493,
            "μ_neutral": 0.00047236671315989344,
            "T": 20000,
            "Δt": 1
        }
    },
    "17": {
        "mβ": 0.6,
        "β2": 0.44,
        "ρ": 0.010000000000000004,
        "Ne": 227.27272727272717,
        "sweep_times": "random",
        "α": 0.3,
        "Δt": 1,
        "L_sel": 250,
        "L_neutral": 100,
        "L": 350,
        "μ": 0,
        "μ_neutral": 4.400000000000002e-5,
        "N": 50000,
        "diversity_file": "diversity_17.csv",
        "idx": 17,
        "key": {
            "mβ": 0.6,
            "β2": 0.44,
            "ρ": 0.010000000000000004,
            "μ_neutral": 4.400000000000002e-5,
            "T": 22727,
            "Δt": 1
        }
    },
    "1": {
        "mβ": 0.3,
        "β2": 0.15999999999999998,
        "ρ": 0.05623413251903493,
        "Ne": 111.14246312743265,
        "sweep_times": "random",
        "α": 0.3,
        "Δt": 1,
        "L_sel": 250,
        "L_neutral": 100,
        "L": 350,
        "μ": 0,
        "μ_neutral": 8.997461203045587e-5,
        "N": 50000,
        "diversity_file": "diversity_1.csv",
        "idx": 1,
        "key": {
            "mβ": 0.3,
            "β2": 0.15999999999999998,
            "ρ": 0.05623413251903493,
            "μ_neutral": 8.997461203045587e-5,
            "T": 20000,
            "Δt": 1
        }
    },
    "4": {
        "mβ": 0.9,
        "β2": 0.8400000000000001,
        "ρ": 0.0316227766016838,
        "Ne": 37.64616262105213,
        "sweep_times": "random",
        "α": 0.3,
        "Δt": 1,
        "L_sel": 250,
        "L_neutral": 100,
        "L": 350,
        "μ": 0,
        "μ_neutral": 0.0002656313234541439,
        "N": 50000,
        "diversity_file": "diversity_4.csv",
        "idx": 4,
        "key": {
            "mβ": 0.9,
            "β2": 0.8400000000000001,
            "ρ": 0.0316227766016838,
            "μ_neutral": 0.0002656313234541439,
            "T": 20000,
            "Δt": 1
        }
    },
    "6": {
        "mβ": 0.9,
        "β2": 0.8400000000000001,
        "ρ": 0.010000000000000004,
        "Ne": 119.04761904761898,
        "sweep_times": "random",
        "α": 0.3,
        "Δt": 1,
        "L_sel": 250,
        "L_neutral": 100,
        "L": 350,
        "μ": 0,
        "μ_neutral": 8.400000000000005e-5,
        "N": 50000,
        "diversity_file": "diversity_6.csv",
        "idx": 6,
        "key": {
            "mβ": 0.9,
            "β2": 0.8400000000000001,
            "ρ": 0.010000000000000004,
            "μ_neutral": 8.400000000000005e-5,
            "T": 20000,
            "Δt": 1
        }
    },
    "13": {
        "mβ": 0.6,
        "β2": 0.44,
        "ρ": 0.0316227766016838,
        "Ne": 71.86994682200861,
        "sweep_times": "random",
        "α": 0.3,
        "Δt": 1,
        "L_sel": 250,
        "L_neutral": 100,
        "L": 350,
        "μ": 0,
        "μ_neutral": 0.00013914021704740872,
        "N": 50000,
        "diversity_file": "diversity_13.csv",
        "idx": 13,
        "key": {
            "mβ": 0.6,
            "β2": 0.44,
            "ρ": 0.0316227766016838,
            "μ_neutral": 0.00013914021704740872,
            "T": 20000,
            "Δt": 1
        }
    },
    "2": {
        "mβ": 0.9,
        "β2": 0.8400000000000001,
        "ρ": 0.003,
        "Ne": 396.82539682539675,
        "sweep_times": "random",
        "α": 0.3,
        "Δt": 2,
        "L_sel": 250,
        "L_neutral": 100,
        "L": 350,
        "μ": 0,
        "μ_neutral": 2.5200000000000006e-5,
        "N": 50000,
        "diversity_file": "diversity_2.csv",
        "idx": 2,
        "key": {
            "mβ": 0.9,
            "β2": 0.8400000000000001,
            "ρ": 0.003,
            "μ_neutral": 2.5200000000000006e-5,
            "T": 39683,
            "Δt": 2
        }
    },
    "10": {
        "mβ": 0.3,
        "β2": 0.15999999999999998,
        "ρ": 0.10000000000000002,
        "Ne": 62.5,
        "sweep_times": "random",
        "α": 0.3,
        "Δt": 1,
        "L_sel": 250,
        "L_neutral": 100,
        "L": 350,
        "μ": 0,
        "μ_neutral": 0.00016,
        "N": 50000,
        "diversity_file": "diversity_10.csv",
        "idx": 10,
        "key": {
            "mβ": 0.3,
            "β2": 0.15999999999999998,
            "ρ": 0.10000000000000002,
            "μ_neutral": 0.00016,
            "T": 20000,
            "Δt": 1
        }
    },
    "11": {
        "mβ": 0.6,
        "β2": 0.44,
        "ρ": 0.003,
        "Ne": 757.5757575757575,
        "sweep_times": "random",
        "α": 0.3,
        "Δt": 4,
        "L_sel": 250,
        "L_neutral": 100,
        "L": 350,
        "μ": 0,
        "μ_neutral": 1.32e-5,
        "N": 50000,
        "diversity_file": "diversity_11.csv",
        "idx": 11,
        "key": {
            "mβ": 0.6,
            "β2": 0.44,
            "ρ": 0.003,
            "μ_neutral": 1.32e-5,
            "T": 75758,
            "Δt": 4
        }
    },
    "9": {
        "mβ": 0.3,